{
  "site": "roberts2019",
  "stations_m": [
    8.8,
    33.0
  ],
  "documented": [
    17.0,
    28.0
  ],
  "on": {
    "modelled": [
      17.181842155564095,
      20.39449051943186
    ],
    "rmse": 5.37944425700983
  },
  "off": {
    "modelled": [
      17.181844389651626,
      21.44377042070792
    ],
    "rmse": 4.637737254223883
  },
  "delta_rmse": -0.7417070027859465,
  "verdict": "WORSENS the fit (RMSE 4.638 -> 5.379, 15.99% worse)."
}