depth_m,salinity_gkg,excess_gkg,density,Tdeg
13.92857142857143,36.74365664865383,0.6043709343681201,1026.6998412570626,16.148829484305054
11.785714285714285,36.7380393720135,0.620182229156363,1026.6896551152342,16.181455630286923
9.642857142857142,36.71623268468938,0.6198041132608125,1026.6463401249132,16.328947331577503
7.5,36.678175460571666,0.6031754605716628,1026.568739031188,16.596165130035843
5.357142857142858,36.63980114025288,0.5862297116814474,1026.4873772282804,16.88094218855759
3.2142857142857153,36.607369250750864,0.5752263936080055,1026.416048389139,17.134082008755726
1.071428571428573,36.58626439501527,0.575550109300984,1026.3688763923822,17.302064676100056
