{
  "site": "roberts2019",
  "stations_m": [
    8.8,
    33.0
  ],
  "documented": [
    17.0,
    28.0
  ],
  "best_cal": 2.0,
  "modelled": [
    17.182287385451342,
    21.47976154269783
  ],
  "rmse": 4.61230626861318,
  "sweep": [
    {
      "cal": 0.5,
      "modelled": [
        17.18172765699022,
        20.076112519695826
      ],
      "rmse": 5.604507906223185
    },
    {
      "cal": 1.0,
      "modelled": [
        17.181842155564095,
        20.39449051943186
      ],
      "rmse": 5.37944425700983
    },
    {
      "cal": 1.5,
      "modelled": [
        17.182065737843413,
        21.26744330359557
      ],
      "rmse": 4.762376906713526
    },
    {
      "cal": 2.0,
      "modelled": [
        17.182287385451342,
        21.47976154269783
      ],
      "rmse": 4.61230626861318
    }
  ]
}